Area,Description,Quantity,Total USD
East wing,Attic and ceiling assemblies,11000,348000
Resident rooms,"Ceilings, walls, flooring, nine with collapse",50,592000
East corridor,"Ceiling grid, handrails, wall protection, flooring",180,186000
Kitchen,"Serving line, ceiling, finishes",1,148000
Kitchen,Two reach-in refrigerators and dish machine,3,120000
Systems,Nurse call head end and two floor panels,1,96000
Systems,Elevator No. 2 pit and 208V panel,2,136000
All,"Emergency mitigation, drying, controlled demolition",1,214000
Total reinstatement,,,1840000
