Element,Description,Quantity,Unit,Total USD
Podium deck,"Crater repair, coring, topping reinstatement",2,locations,165000
Level 3 wall,Demolition and rebuild including sheathing and WRB,26,lin ft,74000
Materials,Engineered floor joists,38,each,58500
Materials,LVL beams,6,each,22000
Materials,Subfloor sheathing,46,sheets,16000
Temporary works,"Shoring, guardrail, edge protection",1,lot,31000
Plant,Construction hoist mast tie and inspection,1,item,18500
Preliminaries,"Crane standby, re-rig, cleanup and disposal",1,lot,22200
,Total reinstatement,,,407200
