Item,Description,Quantity,Total USD
Condensing units,Crushed coils and bent fan shrouds,2,38000
Condensing unit,"Fractured refrigerant line, charge lost",1,31000
Condensing unit,Housing displaced off curb,1,26000
Refrigerant,"R-448A recovery, recharge and leak test",140,18000
Piping,Rooftop refrigerant piping and insulation,30,14000
Electrical,Condenser disconnects and whips,2,8000
Access,Aluminium rooftop walkway,20,7000
Mitigation,"Spot coolers and rental chiller, running",1,40000
Total third-party damage,,,182000
