Head,Item,Basis,Total USD
Own plant,Excavator recovery and repair,Assessor,190000
Own plant,Rented compressor,Rental agreement,38000
Own vehicle,Contractor vehicle,Assessor,46000
Project,"Rework, re-excavation, shoring redesign",Estimate,310000
Third party,City roadway and sidewalk,City estimate,320000
Third party,Kansas Gas Service response and re-support,Utility estimate,60000
Environmental,"Sewage containment, recovery, KDHE reporting",Invoice,85000
Third party,"Retail tenant business interruption, provisional",Provisional,101000
Total indicated,,,1150000
