Head,Description,Basis,Total USD
Structure,"Mezzanine demolition, redesign and rebuild",Reinstatement,1400000
Racking,"14 bays replaced, 6 inspected",Reinstatement,380000
Fire protection,"ESFR branch lines, 11 heads, restoration",Reinstatement,165000
Building,"Girts, slab, baseplates, lighting, alarm, WMS",Reinstatement,420000
Debris,Removal and temporary shoring,Invoice,350000
Plant,Two leased fork trucks,Replacement,118000
Stock,610 rolls total loss,Selling price,2100000
Stock,"1,180 rolls downgrade allowance",Allowance,700000
Total property damage,,,5633000
