Location,Trade,Description,Total USD
Level 3 north/east,Drywall,"Cut back and re-hang board, insulation",168000
Level 4 north/east,Drywall,"Cut back and re-hang board, insulation",172000
Level 2,Drywall,"Ceiling assemblies, 4,200 sq ft",58000
Level 3 store,Materials,"190 sheets board, 84 rolls insulation",62000
Levels 3 and 4,Electrical,"14 panelboards, 320 boxes, re-pull",185000
Levels 3 and 4,Mechanical,"Duct clean, dry and partial replacement",95000
Elevator,Lift,"Pit remediation, rails, buffers, ladder",48000
Building A,Mitigation,"Extraction, drying, containment, logging",110000
Total reinstatement,,,898000
